Payment Plan,Cost per Credit,Deposit,Loan Duration,Product Price,Product Price Weighted Llr 200,Quality of Sales,Deposit to Price Ratio
MK +Phone Nokia T20 Tablet 4/64 HDR v7,110,"1,999",450,"51,499",34.58%,,0.038816288
MK +Phone Nokia G21 4/64 CSTR 1 v3,80,"1,599",400,"33,599",18.28%,,0.047590702
MK Phone Nokia C31 4/64 v3 HRA,90,"4,099",365,"36,949",26.49%,,0.110936697
MK Phone Nokia G21 4/64 HMD v20 HRA,95,"4,899",365,"39,574",33.64%,,0.1237934
MK +Phone Nokia G21 4/64 CSTR 1,85,"1,799",410,"36,649",17.38%,,0.049087288
MK Phone Nokia C31 4/64 v5 HRA,80,"3,499",365,"32,699",23.23%,,0.10700633
MK +Phone Samsung A03 Core 2/32 v22 DS,70,"1,499",410,"30,199",17.61%,,0.049637405
MK Phone Nokia G21 4/64 v18 HRA,95,"4,899",365,"39,574",26.38%,,0.1237934
MK Phone Samsung A03 Core 2/32 v20 DS,70,"3,499",365,"29,049",16.65%,,0.120451651
MK Phone Samsung A03 Core 2/32 v17,55,"3,499",365,"23,574",13.05%,,0.148426232
MK Phone Samsung A13 4/64 v14 HRA,90,"5,599",365,"38,449",18.07%,,0.145621473
MK +Phone Samsung A04S 4/64 DS v1 GT,80,"3,999",390,"35,199",17.13%,,0.113611182
MK Phone Samsung A03 3/32 v13,60,"3,999",365,"25,899",13.61%,,0.154407506
MK Phone Nokia G21 4/64 HMD v20,95,"4,899",365,"39,574",25.10%,,0.1237934
MK +Phone Nokia C31 4/64 v1 GT,75,"2,999",395,"32,624",18.86%,,0.091926189
MK Phone Samsung A03 Core 2/32 v24 DS HRA,65,"2,999",365,"26,724",17.26%,,0.112221224
MK Phone Nokia C31 4/64 v5,80,"3,499",365,"32,699",17.86%,,0.10700633
MK Phone Nokia G21 4/64 v20,95,"4,899",365,"39,574",18.72%,,0.1237934
MK +Phone Nokia C31 4/64 v6 DS,85,"1,999",400,"35,999",17.72%,,0.05552932
MK Phone Samsung A04e 3/64 v1 ST Pilot,70,"4,199",365,"29,749",18.35%,,0.141147602
MK +Phone Samsung A03 Core 2/32 DS v1 GT,65,"2,499",370,"26,549",13.32%,,0.094127839
MK Phone Nokia G21 4/64 Insurance Pilot v1,95,"4,899",365,"39,574",24.97%,,0.1237934
MK +Phone Nokia C31 4/64 v1 CG,80,"1,399",390,"32,599",17.16%,,0.042915427
MK +Phone Nokia G21 4/64 v3,70,"1,999",365,"27,549",10.72%,,0.072561617
MK +Phone Nokia G21 4/64 DS v1 CG,90,"1,999",410,"38,899",18.01%,,0.051389496
MK Phone Samsung A03 Core 2/32 v21 DS HRA,75,"3,499",365,"30,874",20.10%,,0.113331606
MK Phone Nokia C31 4/64 Insurance Pilot v1,80,"3,499",365,"32,699",14.60%,,0.10700633
MK +Phone Nokia G21 4/64 DS v1 GT,90,"3,999",390,"39,099",26.21%,,0.102278831
MK Phone Samsung A03 Core 2/32 v25 DS,65,"2,999",365,"26,724",15.14%,,0.112221224
MK Phone Samsung A04S 4/64 DS v6 HRA,85,"4,199",365,"35,224",12.90%,,0.119208494
MK Phone Samsung A03 Core 2/32 Insurance Pilot v1,65,"2,999",365,"26,724",18.81%,,0.112221224
MK +Phone Samsung A03 Core 2/32 DS v1 CG,65,"1,199",390,"26,549",14.90%,,0.045161776
MK Phone Samsung A23 4/64 v16 DS HRA,100,"6,999",365,"43,499",9.98%,,0.160900251
MK Phone Samsung A04S 4/128 ST Pilot v2,100,"5,299",365,"41,799",11.67%,,0.126773368
MK Phone Samsung A03 Core 2/32 v18 ST Pilot,65,"2,999",365,"26,724",18.20%,,0.112221224
MK Phone Samsung A04S 4/64 DS v5,85,"4,199",365,"35,224",13.34%,,0.119208494
MK Phone Samsung A13 4/64 v13,90,"5,599",365,"38,449",14.77%,,0.145621473
MK +Phone Samsung A03 Core 2/32 v23 DS,70,"1,499",390,"28,799",17.80%,,0.052050418
MK Phone Samsung A04S 4/64  Insurance Pilot v1,85,"4,199",365,"35,224",16.55%,,0.119208494
MK Phone Nokia C31 4/64 v4 Demo,55,"2,449",365,"22,524",15.29%,,0.108728467
MK Phone Nokia C31 4/64 v3 Staff,55,"2,499",365,"22,574",12.28%,,0.110702578
MK +Phone Samsung A04S 4/64 DS v4 CG,80,"2,299",410,"35,099",12.04%,,0.065500442
MK +Phone Nokia C31 4/64 v7,85,"1,899",400,"35,899",18.01%,,0.052898409
MK Phone Samsung A23 4/64 v15 DS,100,"6,999",365,"43,499",9.58%,,0.160900251
MK +Phone Nokia G21 4/64  CSTR1,90,"2,499",400,"38,499",15.31%,,0.064910777
MK Phone Nokia C31 4/64 v4 HRA,85,"3,999",365,"35,024",23.36%,,0.114178849
MK +Phone Samsung A03 Core 2/32 v17 DS,55,"1,799",440,"25,999",14.20%,,0.069194969
MK Phone Nokia G21 4/64 Staff v9,70,"2,699",365,"28,249",8.69%,,0.095543205
MK +Phone Nokia C31 4/64 v1,65,"1,999",420,"29,299",15.46%,,0.068227585
MK +Phone Nokia G21 4/64 v4,65,"1,999",400,"27,999",11.76%,,0.071395407
MK Phone Samsung A23 4/64 v13,100,"6,999",365,"43,499",9.58%,,0.160900251
MK Phone  ST Pilot Samsung A04 3/32 v2,65,"4,399",365,"28,124",10.75%,,0.15641445
MK Phone Nokia G50 4/128 v18,100,"5,999",365,"42,499",11.13%,,0.141156263
MK +Phone Samsung A03 Core 2/32  DS v16,55,"1,499",400,"23,499",13.12%,,0.063789949
MK Phone Nokia G22 4/128 v1 F&F,135,"8,699",365,"57,974",12.22%,,0.150050022
MK Phone Samsung A04S 4/64 DS v3,95,"4,899",365,"39,574",13.44%,,0.1237934
MK Phone Samsung A23 4/128  ST Pilot v2,120,"9,699",365,"53,499",10.75%,,0.181293108
MK Phone Samsung A53 6/128 Staff v5,160,"10,999",365,"69,399",4.00%,,0.158489315
MK +Phone Nokia G21 4/64 CSTR 1 v20 DS,95,"2,499",390,"39,549",17.47%,,0.063187438
MK Phone Samsung A03 Core 2/32 v2,50,"2,499",365,"20,749",14.84%,,0.120439539
MK +Phone Samsung A10S v2,60,0,400,"24,000",100.64%,,0
MK Phone Nokia Test v1,1,0,365,365,98.35%,,0
MK +Phone Samsung A10S v4,60,0,400,"24,000",95.91%,,0
MK Phone Tecno Test v1,1,0,365,365,91.93%,,0
MK Phone Nokia C10 1/32 v1 F&F,40,"2,999",365,"17,599",82.28%,,0.17040741
MK Phone Nokia C1 2nd Edition v1 F&F,35,"2,499",365,"15,274",80.13%,,0.163611366
MK +Phone Samsung A21 v9,80,"2,199",420,"35,799",73.76%,,0.061426297
MK Phone Nokia G21 4/64 HMD v17 HRA,80,"5,599",365,"34,799",72.45%,,0.160895428
MK Phone Nokia C20 2/32 Staff v6,45,"1,499",365,"17,924",67.70%,,0.083630886
MK Phone Samsung A10S v6 DEMO,50,"1,999",320,"17,999",66.11%,,0.111061726
MK Phone Nokia C31 4/64 v2 Sailfish F&F,85,"3,999",365,"35,024",51.60%,,0.114178849
MK Phone Samsung A11 v1,60,"4,999",365,"26,899",50.52%,,0.18584334
MK Phone Nokia T20 Tablet 4/64 F&F v1,110,"8,999",365,"49,149",49.98%,,0.183096299
MK +Phone Samsung A22 4/64 v9,80,"5,999",380,"36,399",45.26%,,0.16481222
MK Phone Samsung A03 Micro Biz v4,30,0,600,"18,000",43.12%,,0
MK Phone Nokia C21 2/32 F&F v1,50,"3,799",365,"22,049",41.36%,,0.172298063
MK +Phone Nokia T20 Tablet 4/64 LDR v2,85,"7,999",420,"43,699",41.10%,,0.183047667
MK +Phone Samsung A23 4/64 CSTR 2,110,"8,499",440,"56,899",40.39%,,0.149369936
MK Phone Nokia C21 2/32 HMD v12 HRA,50,"3,399",365,"21,649",38.67%,,0.157004942
MK Phone Nokia X10 6/128 v1 F&F,110,"7,999",365,"48,149",37.14%,,0.166130138
MK Phone Samsung A53 6/128 F&F v1,165,"12,999",365,"73,224",36.18%,,0.177523763
MK +Phone Nokia T20 Tablet 4/64 HDR v3,95,"3,999",420,"43,899",34.60%,,0.091095469
MK Phone Samsung A02 2GB/32GB v1,50,"3,599",365,"21,849",32.43%,,0.164721498
MK Phone Samsung A03 Core 2/32 v11,50,"3,299",365,"21,549",29.70%,,0.153092951
MK Phone Nokia G21 4/64 v1 F&F,70,"4,999",365,"30,549",29.67%,,0.163638744
MK Phone Nokia G10 3/32 Staff v13,55,"2,899",365,"22,974",29.66%,,0.126186123
MK +Phone Samsung A10S v1,60,999,365,"22,899",29.62%,,0.043626359
MK Phone Nokia C30 2/32 v15 HRA,60,"6,124",365,"28,024",29.06%,,0.218526977
MK Phone Samsung A02 2GB/32GB v2,50,"3,499",365,"21,749",26.96%,,0.16088096
MK +Phone Samsung A22 4/64 v4,85,"5,999",365,"37,024",26.50%,,0.162030035
MK Phone Samsung A10S v19,60,"4,499",365,"26,399",26.03%,,0.170423122
MK +Phone Samsung A13 4/64  CSTR 2,95,"5,999",400,"43,999",25.69%,,0.136344008
MK Phone Nokia 2.4 Saf-Data v1,50,"3,499",365,"21,749",24.86%,,0.16088096
MK Phone Nokia C30 2/32 HMD v17 HRA,65,"4,299",365,"28,024",24.63%,,0.153404225
MK Phone Nokia G21 4/64 HMD v19 HRA,80,"4,999",365,"34,199",24.28%,,0.146173865
MK Phone Nokia G50 4/128 Staff v9,100,"5,999",365,"42,499",23.80%,,0.141156263
MK +Phone Nokia G21 4/64 CSTR 2 v21 DS,85,"3,499",410,"38,349",23.77%,,0.091240971
MK +Phone Samsung A02 2GB/32GB v5,55,999,400,"22,999",23.44%,,0.043436671
MK Phone Samsung A03 4/64 F&F v2,65,"4,499",365,"28,224",23.42%,,0.159403345
MK Phone Nokia 2.4 v2,50,"3,499",365,"21,749",22.90%,,0.16088096
MK +Phone Nokia G50 4/128 CSTR 2,115,"7,999",440,"58,599",22.62%,,0.136504036
MK +Phone Nokia T20 Tablet 4/64 HDR v5,100,"5,999",460,"51,999",22.40%,,0.115367603
MK +Phone Samsung A03 3/32 v11 Promo,65,"1,999",420,"29,299",21.80%,,0.068227585
MK Phone Nokia G20 (4/64GB) Staff v5,70,999,360,"26,199",21.78%,,0.038131226
MK Phone Samsung A02 3GB/64GB Staff v7,50,"1,299",340,"18,299",21.58%,,0.070987486
MK Phone Nokia T21 Tablet 4/128 SS v1 F&F,150,"11,799",365,"66,549",21.56%,,0.177297931
MK Phone Nokia G10 3/32 Saf HMD v9,65,"4,999",365,"28,724",21.41%,,0.17403565
MK Phone Nokia G21 4/64 v17 HRA,80,"4,999",365,"34,199",21.34%,,0.146173865
MK Phone Nokia G21 4/64 v16 HRA,80,"5,599",365,"34,799",21.23%,,0.160895428
MK +Phone Samsung A02 2/32 Saf-Data v7,55,999,400,"22,999",20.83%,,0.043436671
MK Phone Samsung A02 3GB/64GB v1,55,"3,999",365,"24,074",20.79%,,0.166112819
MK Phone Samsung A03 Core 2/32 v15 HRA,50,"5,324",365,"23,574",20.73%,,0.225842029
MK Phone Samsung A03 Core 2/32 v22 DS HRA,70,"3,499",365,"29,049",20.41%,,0.120451651
MK Phone Samsung A03S 3/32 v6,65,"3,999",365,"27,724",20.07%,,0.144243255
MK +Phone Samsung A03 3/32 v9,65,"2,499",420,"29,799",19.54%,,0.083861875
MK Phone Nokia T10 Tablet (4/64) SS v1 F&F,80,"5,299",365,"34,499",19.37%,,0.153598655
MK Phone Nokia C20 2/32 F&F v1,45,"3,299",365,"19,724",19.11%,,0.167258163
MK Phone Nokia C31 4/64 v3,90,"4,099",365,"36,949",18.81%,,0.110936697
MK +Phone Samsung A21 4/64 Saf-Data v13,85,"5,999",365,"37,024",18.73%,,0.162030035
MK Phone Nokia C31 4/64 DS v7 ST Pilot,90,"4,099",365,"36,949",18.71%,,0.110936697
MK Phone Nokia G50 4/128 HMD v120 HRA,100,"5,999",365,"42,499",18.44%,,0.141156263
MK Phone Nokia C30 2/32 v16 HRA,65,"4,299",365,"28,024",18.41%,,0.153404225
MK Phone Nokia 1.4 (2+32GB) Staff v9,45,"1,099",310,"15,049",18.40%,,0.073028108
MK Phone Nokia G50 4/128 HMD v12,135,"9,499",365,"58,774",18.39%,,0.161619083
MK +Phone Samsung A03 3/32 v10,60,"1,499",440,"27,899",18.31%,,0.053729524
MK +Phone Samsung A02 3GB/64GB v3,60,999,365,"22,899",18.30%,,0.043626359
MK Phone Samsung A24 4/128 F&F v1,150,"7,899",365,"62,649",18.12%,,0.126083417
MK Phone Nokia C21 2/32 HMD v11,50,"3,399",365,"21,649",18.07%,,0.157004942
MK Phone Nokia C31 4/64 v2 HRA,70,"4,299",365,"29,849",17.93%,,0.144024925
MK Phone Samsung A03 Core 2/32 v19 DS,75,"3,499",365,"30,874",17.91%,,0.113331606
MK Phone Samsung A10S Saf-Data v1,60,"4,499",365,"26,399",17.83%,,0.170423122
MK Phone Nokia C31 4/64 v4,85,"3,999",365,"35,024",17.82%,,0.114178849
MK Phone Nokia C01 Plus HMD 1/16 v8,40,"2,499",365,"17,099",17.79%,,0.146148898
MK Phone Samsung A21 Saf-Data v1,85,"5,999",365,"37,024",17.67%,,0.162030035
MK Phone Samsung A11 Saf-Data v1,60,"4,499",365,"26,399",17.41%,,0.170423122
MK +Phone Nokia G50 4/128 CSTR1,120,"3,499",430,"55,099",17.35%,,0.063503875
MK Phone Samsung A03 3/32 v10 Promo,70,"4,499",365,"30,049",17.18%,,0.149722121
MK Phone Samsung A12 Saf-Data 6-M v1,130,"4,499",180,"27,899",17.16%,,0.16126026
MK +Phone Nokia C21 2/32 v9,60,"1,499",410,"26,099",17.09%,,0.057435151
MK Phone Samsung A03 Core 2/32 v20 DS HRA,65,"3,999",365,"27,724",17.06%,,0.144243255
MK Phone Nokia G10 3/32 F&F v1,55,"3,999",365,"24,074",17.03%,,0.166112819
MK +Phone Nokia 1.4 v4,50,999,420,"21,999",17.02%,,0.045411155
MK Phone Nokia G20 4/64 Demo v2,65,999,360,"24,399",16.98%,,0.040944301
MK Phone Samsung A21S STAFF v3,70,"2,999",365,"28,549",16.94%,,0.105047462
MK Phone Samsung A13 4/64 v9,100,"7,499",365,"43,999",16.93%,,0.170435692
MK +Phone Nokia C21 2/32 v8,65,"1,999",380,"26,699",16.91%,,0.074871718
MK Phone Nokia 3.4 (4+64GB) v4,65,"4,999",365,"28,724",16.88%,,0.17403565
MK Phone Samsung A03 3/32 v14 HRA,60,"3,999",365,"25,899",16.83%,,0.154407506
MK +Phone Samsung A22 4/64 Saf-Data v7,85,"5,999",365,"37,024",16.70%,,0.162030035
MK Phone Samsung A11 Staff v3,50,"2,999",320,"18,999",16.70%,,0.157850413
MK +Phone Samsung A04S 4/64 CSTR1 v1,80,"2,999",400,"34,999",9.54%,,0.085688163
MK Phone Nokia C21 Plus 3/32 v12 HRA,60,"3,999",365,"25,899",16.59%,,0.154407506
MK Phone Nokia C01 Plus Iris HMD,40,"2,499",365,"17,099",16.54%,,0.146148898
MK Phone Nokia C1 Plus Saf-Data v1,35,"2,499",365,"15,274",16.51%,,0.163611366
MK Phone Samsung A02 3/64 Saf-Data v9,55,"3,499",365,"23,574",16.49%,,0.148426232
MK Phone Nokia G50 4/128 v10,140,"9,499",365,"60,599",16.48%,,0.156751762
MK Phone Nokia 3.4 (4+64GB) Staff v12,60,"1,399",355,"22,699",16.43%,,0.061632671
MK Phone Samsung A03 Core 2/32 v17 ST Pilot,70,"3,499",365,"29,049",16.40%,,0.120451651
MK Phone Nokia C01 Plus 1/16 v7,40,"2,499",365,"17,099",16.37%,,0.146148898
MK Phone Nokia C31 4/64 v6 HMD,90,"4,099",365,"36,949",16.27%,,0.110936697
MK Phone Samsung A03 4/64 v3 DS,85,"4,799",365,"35,824",16.18%,,0.133960473
MK Phone Samsung A03 3/32 Staff v4,55,"1,999",365,"22,074",16.16%,,0.090559029
MK Phone Nokia G10 3/32 v2,55,"3,999",365,"24,074",16.11%,,0.166112819
MK Phone Samsung A02 3/64 Saf-Data 6-M v1,100,"3,499",180,"21,499",16.00%,,0.162751756
MK Phone Samsung A13 4/64 v12,95,"5,999",365,"40,674",15.91%,,0.147489797
MK Phone Nokia C22 2/64 v1 F&F,65,"2,799",365,"26,524",15.86%,,0.10552707
MK Phone Nokia C01 Plus 1/16 v9,40,"2,499",365,"17,099",15.86%,,0.146148898
MK Phone Samsung A04S 4/64 DS v3 HRA,95,"4,899",365,"39,574",15.79%,,0.1237934
MK Phone Nokia C01 Plus 1/16 HMD v2 ,40,"3,299",365,"17,899",15.78%,,0.184311973
MK Phone Samsung A03S 3/32 Staff v3,55,"1,499",365,"21,574",15.78%,,0.069481784
MK Phone Samsung A03S 3/32 v5,65,"3,999",365,"27,724",15.70%,,0.144243255
MK Phone Nokia G11 3/64 Plus F&F v1,65,"4,999",365,"28,724",15.67%,,0.17403565
MK Phone Samsung A03 3/32 v12,65,"4,399",365,"28,124",15.66%,,0.15641445
MK +Phone Samsung A03 Core 2/32 v13,60,"1,499",400,"25,499",15.65%,,0.058786619
MK Phone Samsung A03 Saf-Data v1,40,"2,499",365,"17,099",15.64%,,0.146148898
MK Phone Samsung A03 3/32 v9,70,"4,999",365,"30,549",15.60%,,0.163638744
MK Phone Nokia G21 4/64 v19,80,"4,999",365,"34,199",15.54%,,0.146173865
MK Phone Samsung A03 Core 2/32 v14 ST Pilot ,50,"3,999",365,"22,249",15.52%,,0.179738415
MK Phone Nokia C01 Plus Iris HMD v5,40,"3,499",365,"18,099",15.50%,,0.193325598
MK +Phone Samsung A23 4/64 CSTR 1 Promo,120,"3,499",440,"56,299",15.47%,,0.062150305
MK +Phone Samsung A02 2GB/32GB v4,60,999,365,"22,899",15.44%,,0.043626359
MK Phone Nokia G21 4/64 HMD v14,85,"5,699",365,"36,724",15.40%,,0.15518462
MK +Phone Nokia C30 2/32 v12,65,"2,199",430,"30,149",15.34%,,0.072937743
MK Phone Samsung A03 Core 2/32 v18 HRA,55,"3,499",365,"23,574",15.31%,,0.148426232
MK Phone Samsung A03 3/32 v8,70,"4,999",365,"30,549",15.31%,,0.163638744
MK +Phone Samsung A13 4/64 CSTR1,95,"2,499",400,"40,499",15.27%,,0.061705227
MK +Phone Nokia G50 4/128 CSTR 1,125,"4,299",440,"59,299",15.24%,,0.072497007
MK +Phone Nokia G10 3/32 LDR v11,60,"1,499",400,"25,499",15.22%,,0.058786619
MK Phone Nokia C21 2/32 HMD v6,60,"4,299",365,"26,199",15.21%,,0.164090232
MK Phone Samsung A03 Core 2/32 v17 HRA,50,"5,324",365,"23,574",15.12%,,0.225842029
MK +Phone Samsung A02 3/64 Saf-Data v5,55,999,400,"22,999",15.09%,,0.043436671
MK Phone Samsung A03 3/32 v7,60,"3,499",365,"25,399",15.02%,,0.137761329
MK +Phone Samsung A12 v10,70,"1,499",400,"29,499",15.01%,,0.050815282
MK Phone Samsung A13 4/64 v10,100,"7,499",365,"43,999",15.01%,,0.170435692
MK +Phone Nokia C21 Plus 3/32 v5,70,"2,499",405,"30,849",15.00%,,0.081007488
MK Phone Samsung A13 4/64 v11 Promo,100,"6,999",365,"43,499",14.95%,,0.160900251
MK Phone Nokia C01 Plus Iris v1,40,"2,499",365,"17,099",14.95%,,0.146148898
MK Phone Samsung A02 2/32 Saf-Data v1,50,"3,499",365,"21,749",14.79%,,0.16088096
MK Phone Samsung A03 Core 2/32 v15,55,"3,499",365,"23,574",14.75%,,0.148426232
MK Phone Samsung A13 4/64 v11 ST Pilot,90,"5,499",365,"38,349",14.75%,,0.14339357
MK +Phone Samsung A23 4/64 CSTR 2 Promo,110,"7,999",440,"56,399",14.74%,,0.141828756
MK +Phone Samsung A03 Core 2/32 v15,55,"1,499",440,"25,699",14.71%,,0.058329118
MK Phone Nokia 3.4 (4+64GB) Demo v3,55,999,420,"24,099",14.70%,,0.041454002
MK Phone Samsung A13 4/64 v7,90,"5,499",365,"38,349",14.70%,,0.14339357
MK Phone Nokia C21 2/32 v11 HRA,50,"3,399",365,"21,649",14.68%,,0.157004942
MK Phone Samsung A03S 3/32 v1,55,"3,999",365,"24,074",14.66%,,0.166112819
MK Phone Samsung A03 Core 2/32 v19 DS HRA,55,"3,499",365,"23,574",14.65%,,0.148426232
MK Phone Nokia C21 2/32 v10,50,"3,399",365,"21,649",14.63%,,0.157004942
MK +Phone Nokia G21 4/64 CSTR 2 v3,70,"2,999",430,"33,099",14.61%,,0.090606967
MK Phone Nokia C21 Plus 3/32 HMD v12,60,"3,999",365,"25,899",14.60%,,0.154407506
MK Phone Samsung A03 Single v3,40,"2,499",365,"17,099",14.59%,,0.146148898
MK Phone Samsung A22 4/64 v1,85,"5,999",365,"37,024",14.57%,,0.162030035
MK +Phone Samsung A13 4/64  CSTR 1 Promo,100,"3,499",400,"43,499",14.57%,,0.080438631
MK +Phone Nokia G20 4/64 v6,65,"1,499",440,"30,099",14.56%,,0.049802319
MK Phone Samsung A02 3/64 Saf-Data v1,55,"3,999",365,"24,074",14.55%,,0.166112819
MK Phone Samsung A03 Core 2/32 v10,60,"3,999",365,"25,899",14.54%,,0.154407506
MK +Phone Samsung A03 Core 2/32 v14,55,"1,499",440,"25,699",14.53%,,0.058329118
MK Phone Nokia C21 2/32 v9,60,"4,299",365,"26,199",14.52%,,0.164090232
MK Phone Samsung A02 3GB/64GB Demo v7,50,999,345,"18,249",14.51%,,0.054742726
MK Phone Nokia C30 2/32 HMD v2,60,"2,999",365,"24,899",14.44%,,0.120446604
MK Phone Samsung A03 Core 2/32 v16 ST Pilot,55,"3,499",365,"23,574",14.41%,,0.148426232
MK +Phone Samsung A02 3/64 Saf-Data v4,60,999,365,"22,899",14.40%,,0.043626359
MK +Phone Samsung A12 4/64 Saf-Data v15,65,"1,499",440,"30,099",14.38%,,0.049802319
MK Phone Nokia G50 4/128 HMD v4,105,"7,999",365,"46,324",14.37%,,0.172675071
MK +Phone Samsung A03S 3/32 v7,60,"1,499",380,"24,299",14.32%,,0.061689781
MK Phone Samsung A23 4/64 v10,130,"9,499",365,"56,949",14.31%,,0.166798363
MK Phone Nokia 1.4 Demo v8,40,999,340,"14,599",14.27%,,0.068429344
MK +Phone Nokia 1.4  v3,50,499,365,"18,749",14.25%,,0.026614753
MK Phone Samsung A03S 3/32 F&F v2,55,"3,999",365,"24,074",14.25%,,0.166112819
MK Phone Nokia C20 2/16 HMD v3,45,"2,999",365,"19,424",14.22%,,0.154396623
MK Phone Samsung A03 Core 2/32 v18 DS,65,"3,999",365,"27,724",14.22%,,0.144243255
MK +Phone Samsung A02 3GB/64GB v4,55,999,400,"22,999",14.18%,,0.043436671
MK Phone Samsung A03 Core 2/32 v13,60,"3,999",365,"25,899",14.17%,,0.154407506
MK Phone Samsung A11 Staff v2,50,"2,999",320,"18,999",14.15%,,0.157850413
MK Phone Samsung A12S v2,65,"4,999",365,"28,724",14.14%,,0.17403565
MK +Phone Nokia C30 2/32 v3,65,"1,499",365,"25,224",14.10%,,0.059427529
MK Phone Nokia C21 2/32 Staff v3,50,"1,999",365,"20,249",14.09%,,0.098720924
MK Phone Samsung A03 Core 2/32 Staff v8,45,"1,499",365,"17,924",14.08%,,0.083630886
MK Phone Nokia C10 1/32 v3,40,"3,299",365,"17,899",14.07%,,0.184311973
MK Phone Samsung A03 Core 2/32 DS v23 Staff,70,"1,899",365,"27,449",14.05%,,0.069182848
MK Phone Samsung A13 4/64 v6,90,"7,499",365,"40,349",14.04%,,0.185853429
MK Phone Nokia C30 2/32 v1,60,"2,999",365,"24,899",14.01%,,0.120446604
MK Phone Samsung A03 3/32 ST Pilot v14,60,"3,999",365,"25,899",13.96%,,0.154407506
MK Phone Nokia C31 4/64 v1,70,"4,299",365,"29,849",13.95%,,0.144024925
MK Phone Nokia G10 3/32 v8,65,"4,999",365,"28,724",13.93%,,0.17403565
MK Phone Nokia G10 3/32 HMD v13,60,"3,699",365,"25,599",13.92%,,0.144497832
MK Phone Nokia G50 4/128 HMD v6,100,"8,999",365,"45,499",13.87%,,0.197784567
MK Phone Nokia 1.4  Saf-Data HMD,45,"3,299",365,"19,724",13.83%,,0.167258163
MK Phone Nokia G21 4/64 v15,80,"5,599",365,"34,799",13.81%,,0.160895428
MK +Phone Nokia 5.4 4/128 v6,80,"1,999",420,"35,599",13.80%,,0.056153263
MK Phone Nokia G21 4/64 v13,85,"5,699",365,"36,724",13.75%,,0.15518462
MK Phone Nokia G21 4/64 HMD v19,80,"4,999",365,"34,199",13.74%,,0.146173865
MK Phone Nokia G10 3/32 v12,60,"3,699",365,"25,599",13.69%,,0.144497832
MK +Phone Samsung A12 v11,65,"1,499",440,"30,099",13.67%,,0.049802319
MK Phone Samsung A04S 4/64 v2 HRA,85,"4,899",365,"35,924",13.66%,,0.136371228
MK +Phone Samsung A33 6/128 CSTR 1,160,"5,499",430,"74,299",13.65%,,0.074011763
MK +Phone Samsung A12 4/64 Saf-Data v14,70,"1,499",400,"29,499",13.50%,,0.050815282
MK Phone Samsung A23 4/64 v8,130,"9,499",365,"56,949",13.50%,,0.166798363
MK Phone Nokia G21 4/64 v11,90,"5,999",365,"38,849",13.45%,,0.154418389
MK +Phone Nokia 5.4 4/128 Saf-Data v10,80,"1,999",420,"35,599",13.37%,,0.056153263
MK +Phone Nokia G21 4/64 CSTR 2,75,"3,499",440,"36,499",13.33%,,0.09586564
MK +Phone Nokia 3.4 (4+64GB) v9,60,999,440,"27,399",13.32%,,0.036461185
MK Phone Samsung A12 Saf-Data v2,70,"4,499",365,"30,049",13.32%,,0.149722121
MK Phone Nokia G50 4/128 v19 HRA,100,"5,999",365,"42,499",13.26%,,0.141156263
MK Phone Samsung A03 3/32 v2,55,"3,999",365,"24,074",13.24%,,0.166112819
MK Phone Samsung A02 2/32 Saf-Data v8,50,"2,999",365,"21,249",13.24%,,0.141136053
MK +Phone Samsung A22 4/64 v3,80,"2,199",420,"35,799",13.22%,,0.061426297
MK +Phone Samsung A02 2/32 Saf-Data v6,60,999,365,"22,899",13.20%,,0.043626359
MK Phone Nokia C30 2/32 v15,65,"4,299",365,"28,024",13.19%,,0.153404225
MK Phone Nokia C1 Plus v2,35,"2,499",365,"15,274",13.18%,,0.163611366
MK +Phone Nokia C20 2/16 v4,50,999,380,"19,999",13.15%,,0.049952498
MK Phone Nokia G10 3/32 v13,60,"3,699",365,"25,599",13.15%,,0.144497832
MK Phone Samsung A22 4/64 Saf-Data v2,85,"5,999",365,"37,024",13.11%,,0.162030035
MK Phone Nokia C21 Plus 3/32 v10,65,"4,499",365,"28,224",13.08%,,0.159403345
MK Phone Samsung A03 3/32 v3,55,"3,999",365,"24,074",13.08%,,0.166112819
MK +Phone Nokia G21 4/64 CSTR2,80,"4,499",425,"38,499",13.07%,,0.116860178
MK +Phone Nokia C30 2/32 v4,60,"1,499",400,"25,499",13.01%,,0.058786619
MK Phone Nokia C21 2/32 v7,60,"4,299",365,"26,199",12.94%,,0.164090232
MK Phone Nokia C30 2/32 v13,70,"4,699",365,"30,249",12.89%,,0.155343978
MK Phone Samsung A12 v4,70,"5,499",365,"31,049",12.82%,,0.177107153
MK Phone Samsung A03S 3/32 v4,65,"4,999",365,"28,724",12.79%,,0.17403565
MK +Phone Nokia C30 2/32 v11,70,"2,999",425,"32,749",12.78%,,0.091575315
MK +Phone Nokia C21 2/32 v4,55,"1,499",365,"21,574",12.73%,,0.069481784
MK +Phone Samsung A13 4/64 v4,70,"2,499",440,"33,299",12.61%,,0.075047299
MK Phone Samsung A22 4/64 Staff v7,80,"2,999",350,"30,999",12.60%,,0.096745056
MK +Phone Samsung A04S 4/64 CSTR1 v3 DS,90,"2,499",410,"39,399",12.57%,,0.063428006
MK Phone Samsung A12 Saf-Data v1,70,"4,999",365,"30,549",12.56%,,0.163638744
MK Phone Nokia C30 2/32 v12,70,"4,999",365,"30,549",12.55%,,0.163638744
MK Phone Nokia C01 Plus Iris 2/16 v8,40,"3,299",365,"17,899",12.54%,,0.184311973
MK +Phone Nokia G10 3/32 HDR v10,65,"1,499",365,"25,224",12.54%,,0.059427529
MK Phone Nokia 5.4 4/128 Saf-Data HMD,85,"5,499",365,"36,524",12.53%,,0.150558537
MK Phone Nokia 5.4 4/128 Demo v5,75,"3,499",365,"30,874",12.49%,,0.113331606
MK Phone Samsung A12 v9,70,"4,999",365,"30,549",12.46%,,0.163638744
MK Phone Samsung A03 Saf-Data 6-M v1,75,"2,499",180,"15,999",12.45%,,0.156197262
MK +Phone Samsung A22 4/64 Saf-Data v6,80,"2,199",420,"35,799",12.45%,,0.061426297
MK Phone Nokia 1.4  Saf-Data v9,50,"3,499",365,"21,749",12.40%,,0.16088096
MK Phone Nokia G50 4/128 v15,135,"9,499",365,"58,774",12.38%,,0.161619083
"MK Phone Samsung A03 Core 2/32 v15 ST Pilot	",55,"3,999",365,"24,074",12.38%,,0.166112819
MK Phone Nokia C20 2/16 v2,45,"2,999",365,"19,424",12.36%,,0.154396623
MK Phone Nokia C20 2/16 HMD v5,45,"3,299",365,"19,724",12.33%,,0.167258163
MK Phone Nokia C30 2/32 v10,75,"5,499",365,"32,874",12.17%,,0.16727505
MK Phone Nokia 1.4 Saf-Data HMD v2,50,"3,499",365,"21,749",12.17%,,0.16088096
MK Phone Samsung A03 Core 2/32 v4,50,"3,299",365,"21,549",12.14%,,0.153092951
MK +Phone Samsung A13 4/64  CSTR 2 Promo,95,"5,499",400,"43,499",12.12%,,0.126416699
MK Phone Samsung A03 Core 2/32 v12,50,"3,499",365,"21,749",12.10%,,0.16088096
MK Phone Nokia G21 4/64 v10,90,"5,999",365,"38,849",12.09%,,0.154418389
MK Phone Nokia C20 2/16 v7,45,"3,299",365,"19,724",12.09%,,0.167258163
MK +Phone Samsung A03 Core 2/32 v3,50,999,365,"19,249",12.07%,,0.0518988
MK +Phone Nokia G20 4/64 v5,70,"1,499",440,"32,299",12.07%,,0.046410106
MK +Phone Nokia 3.4 (4+64GB) v8,65,999,400,"26,999",12.06%,,0.03700137
MK Phone Nokia C30 2/32 Staff v6,50,"1,999",365,"20,249",12.05%,,0.098720924
MK Phone Nokia C21 Plus 3/32 v11,60,"3,999",365,"25,899",11.99%,,0.154407506
MK Phone Nokia C30 2/32 v9,75,"5,499",365,"32,874",11.95%,,0.16727505
MK Phone Nokia G21 4/64 HMD v11,90,"5,999",365,"38,849",11.95%,,0.154418389
MK Phone Nokia G10 3/32 Saf-Data v3,55,"3,999",365,"24,074",11.93%,,0.166112819
MK Phone Nokia 1.4  Saf-Data v1,45,"3,299",365,"19,724",11.92%,,0.167258163
MK Phone Samsung A33 6/128 v6,170,"10,999",365,"73,049",11.89%,,0.150570165
MK Phone Nokia 3.4 4+64 Saf-Data HMD,65,"4,999",365,"28,724",11.88%,,0.17403565
MK Phone Samsung A23 4/64 v9 Promo,130,"8,999",365,"56,449",11.76%,,0.159418236
MK +Phone Samsung A03 3/32 v6,60,"1,999",365,"23,899",11.76%,,0.083643667
MK Phone Samsung A03 Core 2/32 v5,50,"3,299",365,"21,549",11.75%,,0.153092951
MK Phone Nokia C01 Plus Iris 2/16 v6,40,"3,499",365,"18,099",11.72%,,0.193325598
MK Phone Samsung A12 Demo v14,65,"2,599",330,"24,049",11.71%,,0.108071022
MK +Phone Samsung A13 4/64 v3,75,"2,499",400,"32,499",11.69%,,0.076894674
MK Phone Nokia C01 Plus Iris v4,40,"3,499",365,"18,099",11.51%,,0.193325598
MK Phone Samsung A04S 4/64 v1,85,"4,899",365,"35,924",11.49%,,0.136371228
MK Phone Nokia G50 4/128 v5,100,"8,999",365,"45,499",11.42%,,0.197784567
MK Phone Samsung A03 3/32 v5,55,"4,999",365,"25,074",11.37%,,0.199369865
MK Phone Nokia C21 Plus 3/32 v6,70,"5,299",365,"30,849",11.36%,,0.171772181
MK Phone Nokia C01 Plus 1/16 v1,40,"3,299",365,"17,899",11.35%,,0.184311973
MK Phone Nokia C21 Plus 3/32 v3,70,"5,299",365,"30,849",11.32%,,0.171772181
MK +Phone Nokia C21 Plus 3/32 v6,60,"2,199",430,"27,999",11.29%,,0.078538519
MK +Phone Samsung A13 4/64  CSTR 1,100,"3,999",400,"43,999",11.27%,,0.090888429
MK Phone Nokia G20 4/64 F&F v1,65,"4,999",365,"28,724",11.24%,,0.17403565
MK Phone Samsung A02 2GB/32 Staff v3,40,999,340,"14,599",11.24%,,0.068429344
MK +Phone Samsung A23 4/64 CSTR1 v2,100,"2,999",430,"45,999",11.22%,,0.06519707
MK Phone Nokia C21 Plus 3/32 v11 HMD,65,"4,499",365,"28,224",11.20%,,0.159403345
MK Phone Samsung A33 6/128 v8,170,"10,999",365,"73,049",11.20%,,0.150570165
MK +Phone Samsung A23 4/64 v3,90,"2,499",440,"42,099",11.11%,,0.05936008
MK Phone Samsung A12 Staff v8,55,"2,999",340,"21,699",11.10%,,0.138209134
MK +Phone Samsung A21 4/64 Saf-Data v12,80,"2,199",420,"35,799",11.07%,,0.061426297
MK Phone Samsung A03S 3/32 v3,55,"4,499",365,"24,574",11.02%,,0.183079678
MK Phone Samsung A23 4/64 v9,140,"13,999",273,"52,219",11.02%,,0.268082499
MK Phone Samsung A03 Core Demo v6,35,999,320,"12,199",10.04%,,0.081891958
MK Phone Nokia G10 3/32 HMD v4,55,"4,299",365,"24,374",10.97%,,0.176376467
MK Phone Samsung A13 4/64 v2,80,"5,999",365,"35,199",10.95%,,0.170430978
MK Phone Nokia C30 2/32 HMD v7,55,"4,299",365,"24,374",10.91%,,0.176376467
MK Phone Nokia (G10 3/32) Saf -Data HMD,55,"3,999",365,"24,074",10.87%,,0.166112819
MK Phone Nokia C21 Plus 3/32 HMD v13 HRA,60,"3,999",365,"25,899",10.86%,,0.154407506
MK Phone Nokia C21 Plus 3/32 HMD v4,70,"5,299",365,"30,849",10.76%,,0.171772181
MK Phone Nokia C20 2/16 HMD v6,45,"3,999",365,"20,424",10.76%,,0.19579906
MK Phone Nokia C21 2/32 v2,50,"3,999",365,"22,249",10.75%,,0.179738415
MK Phone Nokia G50 4/128 v16,130,"8,499",365,"55,949",10.70%,,0.1519062
MK Phone Nokia G50 4/128 HMD v19,100,"5,999",365,"42,499",10.69%,,0.141156263
MK Phone Nokia C30 2/32 v8,60,"3,999",365,"25,899",10.62%,,0.154407506
MK Phone Nokia 5.4 v2,85,"5,499",365,"36,524",10.60%,,0.150558537
MK Phone Nokia 5.4 4/128 v3,85,"5,499",365,"36,524",10.58%,,0.150558537
MK Phone Nokia 5.4 4/128 Saf-Data v4,85,"5,499",365,"36,524",10.52%,,0.150558537
MK Phone Nokia G21 4/64 v7,70,"4,499",365,"30,049",10.49%,,0.149722121
MK Phone Samsung A23 4/64 v6,100,"8,299",365,"44,799",10.33%,,0.185249671
MK Phone Nokia C31 4/64 v5 HMD,70,"4,299",365,"29,849",10.25%,,0.144024925
MK Phone Samsung A23 4/64 v2,100,"7,499",365,"43,999",10.20%,,0.170435692
MK +Phone Samsung A23 4/64 v4,100,"7,499",365,"43,999",10.17%,,0.170435692
MK +Phone Samsung A23 4/64 CSTR2 v2,90,"4,999",440,"44,599",10.13%,,0.112087715
MK +Phone Samsung A04S 4/64 CSTR2 v1,70,"4,199",440,"34,999",10.10%,,0.119974856
MK Phone Nokia G20 4/64 Saf-Data v4,70,"4,999",365,"30,549",10.06%,,0.163638744
MK Phone Nokia G50 4/128 v1,105,"6,999",365,"45,324",10.04%,,0.154421499
MK Phone Samsung A03 Core 2/32 v9,50,"4,299",365,"22,549",10.04%,,0.19065147
MK Phone Nokia G20 4/64 Saf-Data HMD,70,"4,999",365,"30,549",10.04%,,0.163638744
MK Phone Samsung A03 3/32 ST Pilot v10,60,"4,999",365,"26,899",9.99%,,0.18584334
MK Phone Samsung A04S 4/128 ST Pilot v1,90,"6,399",365,"39,249",9.90%,,0.163036001
MK Phone Samsung A03 Core 2/32 DS v24 Demo,70,"1,899",365,"27,449",9.85%,,0.069182848
MK Phone Samsung A23 4/64 v12,100,"7,499",365,"43,999",9.82%,,0.170435692
MK Phone Nokia G21 4/64 v15 HRA,70,"9,249",365,"34,799",9.79%,,0.2657835
MK Phone Nokia G50 4/128 v13,135,"9,499",365,"58,774",9.75%,,0.161619083
MK Phone Nokia G20 4/64 v3,70,"4,999",365,"30,549",9.72%,,0.163638744
MK Phone Samsung A23 4/64 Staff v5,85,"5,499",365,"36,524",9.70%,,0.150558537
MK Phone Nokia C30 2/32 HMD v5,55,"3,999",365,"24,074",9.68%,,0.166112819
MK +Phone Samsung A23 4/64 CSTR 1,120,"3,999",440,"56,799",9.64%,,0.070406169
MK Phone Samsung A10S Staff v10,50,999,340,"17,999",9.58%,,0.055503084
MK Phone Nokia C30 2/32 HMD v10,75,"5,499",365,"32,874",9.50%,,0.16727505
MK Phone Nokia G21 4/64 HMD v16,80,"5,599",365,"34,799",9.49%,,0.160895428
MK Phone Nokia 3.4 4+64 Saf-Data v1,65,"4,999",365,"28,724",9.39%,,0.17403565
MK Phone Samsung A23 4/64 v14 HRA,100,"6,999",365,"43,499",9.38%,,0.160900251
MK Phone Nokia 3.4 3+64 Saf-Data v2,60,"4,499",365,"26,399",9.30%,,0.170423122
MK Phone Nokia G21 4/64 v6,70,"4,999",365,"30,549",9.24%,,0.163638744
MK Phone Nokia G50 4/128 v3,105,"7,999",365,"46,324",9.14%,,0.172675071
MK Phone Nokia G21 4/64 v2,65,"4,999",365,"28,724",8.85%,,0.17403565
MK Phone Samsung A13 4/64 Staff v5,75,"2,499",365,"29,874",8.84%,,0.083651336
MK Phone Nokia C21 Plus 3/32 v2,55,"4,699",365,"24,774",8.80%,,0.189674659
MK Phone Samsung A33 6/128 Staff v3,140,"6,999",365,"58,099",8.73%,,0.120466789
MK Phone Samsung A53 6/128 v2,170,"13,999",365,"76,049",8.59%,,0.184078686
MK Phone Nokia G21 4/64 HMD v8,70,"4,499",365,"30,049",8.57%,,0.149722121
MK Phone Samsung A03 Core Staff v7,35,999,320,"12,199",8.53%,,0.081891958
MK +Phone Samsung A53 6/128 CSTR1 v4,165,"8,999",400,"74,999",8.47%,,0.119988267
MK +Phone Samsung A04S 4/64 CSTR2 v4 DS,85,"3,999",410,"38,849",8.46%,,0.102937013
MK Phone Nokia 3.4 4+64 Saf-Data HMD v2,60,"4,499",365,"26,399",8.46%,,0.170423122
MK Phone Nokia C30 2/32 HMD v14,70,"4,699",365,"30,249",8.33%,,0.155343978
MK +Phone Samsung A13 4/64 CSTR2,90,"4,499",400,"40,499",8.32%,,0.111089163
MK Phone Nokia G50 4/128 v7,100,"7,999",365,"44,499",8.31%,,0.179756848
MK +Phone Samsung A23 4/64 CSTR1,100,"2,999",430,"45,999",8.28%,,0.06519707
MK Phone Nokia G50 4/128 HMD v2,105,"6,999",365,"45,324",8.20%,,0.154421499
MK Phone Samsung A53 6/128 v3,170,"13,999",365,"76,049",8.13%,,0.184078686
MK +Phone Samsung A23 4/64 CSTR1 v15 DS,100,"3,499",400,"43,499",8.03%,,0.080438631
MK Phone Nokia C21 2/32 v10 HRA,45,"5,224",365,"21,649",7.73%,,0.241304448
MK Phone Nokia C31 4/64 v1 HRA,60,"7,949",365,"29,849",7.58%,,0.266307079
MK Phone Nokia C30 2/32 HMD v16,65,"4,299",365,"28,024",7.37%,,0.153404225
MK Phone Samsung A03 Core 2/32 F&F v1,50,"3,999",365,"22,249",7.18%,,0.179738415
MK Phone Samsung A22 4/64 Demo v6,85,"2,999",310,"29,349",6.86%,,0.102184061
MK +Phone Nokia 5.4 4/128 Saf-Data v11,85,"5,499",365,"36,524",6.67%,,0.150558537
MK Phone ST pilot Samsung A23 4/128 v1,115,"9,499",365,"51,474",6.10%,,0.184539768
MK Phone Samsung A04S 4/64 v1 HRA,75,"8,549",365,"35,924",6.10%,,0.237974613
MK Phone Nokia C21 Plus 3/32 v11 HRA,55,"5,824",365,"25,899",5.97%,,0.224873547
MK Phone Nokia G50 4/128 HMD v8,100,"7,999",365,"44,499",5.54%,,0.179756848
MK Phone Samsung A33 6/128 v4,130,"9,499",365,"56,949",5.50%,,0.166798363
MK Phone Nokia 3.4 3+64 Saf-Data v1,60,"4,999",365,"26,899",5.44%,,0.18584334
MK Phone Nokia G21 4/64 HMD v5,65,"4,999",365,"28,724",5.29%,,0.17403565
MK Phone Nokia C30 2/32 v12 HMD,70,"4,999",365,"30,549",5.06%,,0.163638744
MK Phone Samsung A11 v3,60,"4,499",365,"26,399",5.04%,,0.170423122
MK +Phone Samsung A33 6/128 CSTR1 v2,150,"4,499",410,"65,999",4.51%,,0.0681677
MK Phone Nokia 5.4 4/128 Staff v6,75,"3,499",365,"30,874",3.85%,,0.113331606
MK Phone Nokia G50 4/128 HMD v17,130,"8,499",365,"55,949",3.24%,,0.1519062
MK +Phone Samsung A23 4/64 CSTR2,90,"4,999",440,"44,599",2.45%,,0.112087715
MK Phone Samsung A33 6/128 v9,190,"15,999",273,"67,869",2.16%,,0.235733546
MK Phone Nokia C31 4/64 v7 HMD,85,"3,999",365,"35,024",1.58%,,0.114178849
MK +Phone Samsung A33 6/128 CSTR1 v1,150,"4,499",410,"65,999",1.31%,,0.0681677
MK +Phone Nokia G50 4/128 CSTR2,110,"6,999",440,"55,399",1.14%,,0.126338021
MK Phone Samsung A03 3/32 v13 HRA,55,"5,824",365,"25,899",1.06%,,0.224873547
MK +Phone Samsung A12S v5,70,"1,999",380,"28,599",0.71%,,0.069897549
MK Phone Nokia G50 4/128 v18 HRA,85,"11,474",365,"42,499",0.59%,,0.269982823
MK Phone Samsung A53 6/128 v4 HRA,170,"13,999",365,"76,049",0.45%,,0.184078686
MK Phone Samsung A23 4/64 F&F v1,100,"7,499",365,"43,999",0.30%,,0.170435692
MK +Phone Samsung A53 6/128 CSTR2 v3,170,"12,999",365,"75,049",0.27%,,0.173206838
MK Phone Nokia C1 2nd Edition v2,35,"2,499",365,"15,274",0.13%,,0.163611366
MK +Phone Nokia C1 Plus v5,35,999,380,"14,299",0.10%,,0.069865026
MK Phone Samsung A03 Dual v4,40,"2,499",365,"17,099",0.08%,,0.146148898
MK Phone Samsung A21S dual-sim Staff v4,70,"2,999",365,"28,549",0.05%,,0.105047462
MK Farmer Phone Samsung A03 Saf-Data v5,40,"2,499",365,"17,099",0.04%,,0.146148898
MK Phone Nokia 1.4  v2,45,"3,299",365,"19,724",0.02%,,0.167258163
MK +Phone Nokia 1.4 Trade-In v10,50,999,420,"21,999",0.00%,,0.045411155
MK +Phone Nokia 5.4 4/128 v7,85,"5,499",365,"36,524",0.00%,,0.150558537
MK +Phone Nokia G10 3/32 v4,55,"1,499",400,"23,499",0.00%,,0.063789949
MK +Phone Samsung A01 v3,50,0,400,"20,000",0.00%,,0
MK +Phone Samsung A10S v9,60,"1,499",400,"25,499",0.00%,,0.058786619
MK +Phone Samsung A12 Trade-In Saf-Data v17,65,0,410,"26,650",0.00%,,0
MK +Phone Samsung A33 6/128 CSTR 2,150,"8,999",430,"73,499",0.00%,,0.12243704
MK Phone LCD Screen Rep Trade-In v1,50,0,60,"3,000",0.00%,,0
MK Phone Nokia 2.4 Staff v2,35,"1,999",350,"14,249",0.00%,,0.140290547
MK Phone Nokia C21 Plus 3/32 F&F v1,55,"4,299",365,"24,374",0.00%,,0.176376467
MK Phone Nokia G50 4/128 v12,145,"14,499",273,"54,084",0.00%,,0.268082982
MK Phone Nokia G50 4/128 v14,145,"14,499",273,"54,084",0.00%,,0.268082982
MK Phone Samsung A02S v3,55,"4,499",365,"24,574",0.00%,,0.183079678
MK Phone Samsung A10S v3,60,"3,499",365,"25,399",0.00%,,0.137761329
MK Phone Samsung A13 4/64 F&F v1,80,"5,999",365,"35,199",0.00%,,0.170430978
MK Phone Samsung A21S single v5,85,"5,999",365,"37,024",0.00%,,0.162030035
MK Phone Samsung A23 4/64 v11,140,"13,999",273,"52,219",0.00%,,0.268082499
M-KOPA Phone Nokia 2.2 v6,60,"2,999",330,"22,799",0.00%,,0.131540857
